158,Warren,Peace,warrenp@hell.com,$2a$08$nTm/secQdco1Y.0J/aw74OyO.xxb0K8/Vmupj3A6d3liSOQruvKwS,approver
159,Linda,Hand,lindah@hell.com,$2a$08$zfzGIk27HES2rpvR2CNfbewL0lLJwXJlSuyNLGEAqGZ2Bnkm9Lyx6,approver
160,Seymore,Butts,seymoreb@hell.com,$2a$08$i3Ay3VUIjO5M1HMQtZ5OZu5uyxvPE1n.axGr9MDAqUrkJtewtIFym,approver
161,Lotta,Noyes,lottan@hell.com,$2a$08$uGo4cPSjmcew5LSINDNHh.bd3gfRV814XKokWNSsCagWvZsdeZHtu,approver
162,Barb,Wyre,barbw@hell.com,$2a$08$KX03W2gFk4.tvARK3/ZAN.wml0/oBUM3Jni2BheB4qRcfj5bltRgC,approver
163,Bunsen,Berner,bunsenb@hell.com,$2a$08$.32oalU7tPNwI52HbhLmJ.tIszc0ACs/aXrG6eu4XgYxQ4VuT1N9q,approver
164,Bud,Light,budl@hell.com,$2a$08$MueodHwne1HOEjcYbTwitOQ17qtyeckvIsMpOapfu0rpohVG/XIQu,approver
165,Ida,Claire,idac@hell.com,$2a$08$ukQVowVllzJ.K4L7fgai0.8ni1I5GTqKhVWifMqPk7Mhn6dK.9Xrq,approver
6,User,Basic,user@hell.com,$2a$08$ZDJymbY3Q3ChA/OEXwvPWeu77igk.CauGmqIaz4kT.b.WpMeaYVsO,user
8,Analyst,Boi,analyst@test.com,$2a$08$bSG1ve0fChH15l0df.UfHeC8Hdo0v8naxYJmqfBMLD7tXESFfGEZ6,analyst
9,numbnuts,Superglue,Konstantinkharitonovpro@gmail.com,$2a$08$2xaFUF8sDolhmNZpaYpeJe8.hUw2cGlJLTqWQoQ4obFXppR2RhAP6,user
10,alwin,baby,test@gmail.com,$2a$08$MOHbcZXMGR4MMp7Pi8qT8uNlP2mCRTVNQcYLkGFAV/Y91XaHlnE.C,user
11,test,test,user@test.com,$2a$08$aphRedOUazu15FwgMdN2hO2aqUFi1z4EaMm.yBxJKMuFRkAnzrm16,user
168,Chester,Field,chesterf@hell.com,$2a$08$cX09AUZvDlNUvsXyj0QTi.O2v7Nfinf5L1ilDoY21QIrR8lInt8/6,approver
173,Will,Tickelu,willt@hell.com,$2a$08$PiBk/bPU.YcgrcNOsoJIC.F2FizGIWvJHYH96n6PCk2Me7bhpDfcm,approver
178,Brock,Lee,brockl@hell.com,$2a$08$gGbxq.k.4MAyPrtKRIBW2O5ySrUHBwkzdYy6d8lDSFsLMEipbuy7y,approver
183,Chris,Bacon,chrisb@hell.com,$2a$08$zYGXBBupR0yczo08maSl6.QhuQYS8KCQC75qrhnHG.eWRM6vvk41K,approver
188,Filet,Minyon,filetm@hell.com,$2a$08$7eWnECA3n9XMqRUOwBNxdOpI4BHUjDlQWH47Mf5Iw0oAxm3pBu46e,approver
193,Mason,Jarr,masonj@hell.com,$2a$08$.iIt.yC8vlB6bVHVOaEw1eYVENwlEuC0jxAcVaahJcecQfwa9cs8G,approver
198,Clay,Potts,clayp@hell.com,$2a$08$EUtXhOYRqTMd03Lzlc2IbuWQ/XLls6Soc7z.6BHa6fvqH3bKWhqYm,approver
203,Justin,Thyme,justint@hell.com,$2a$08$44i8mS9.XgzdmMlipDhbZuwAr40gpuRqQ4NfbZjbkPpJNH3ajZ5n.,approver
208,Ty,Kuhn,tyk@hell.com,$2a$08$yQ/0oBvdiEno/PkQhi6y3uYvKnohhHAXgIvz3zmR8A6lxw04Ov0u6,approver
213,Sandy,Beech,sandyb@hell.com,$2a$08$MZZfNbIjh5TQzsvHNQQoduVscWZKZRu/pVBE1sB23.79xZ68a17Sy,approver
218,Art,Major,artm@hell.com,$2a$08$U73IwZRbalIOUrWEtV0kfO8G6ounW6Qm84.z3dF1i.lgVJ/3hX78a,approver
223,Anna,Nimmity,annan@hell.com,$2a$08$Q/F/W9oKd8uqSu46xEht8.40VuK/LyQdtEg0GhTmkEJ3HMUl7fbcm,approver
226,Gladys,Dunn,gladysd@hell.com,$2a$08$9HxwCRfGe7s0bvmcIATaa.u3C0M75eVlbUi22C2YlvIwoJfYuCDzK,approver
166,Jack,Uzzi,jacku@hell.com,$2a$08$XRX.trg4xZm0VGxjQI/omuV0/k0cZnWXThfXRhKpKymTYftne9Vl2,approver
171,Claire,Voyant,clairev@hell.com,$2a$08$wYkTIlp1GBC7wy2ag3E8AOAmbi/nrnZcKTW39xPriOPEuBdLfYo7S,approver
177,Gene,Poole,genep@hell.com,$2a$08$5PQ8NBtjOiVT7BzIFPgr4eX8GNte.mslZTxK1FM9MePbZpWdCgHlK,approver
181,Ally,Katz,allyk@hell.com,$2a$08$pueVoaYRMk/l9OA2HtZVuuZf4Zyt9LhCxEGkvTzaeuHzbSVuuGhtS,approver
187,Honey,Potts,honeyp@hell.com,$2a$08$PDmrQcjwo3UTn6NooDvr3eny44E0GrESnry5OQ60hkSMpqNlajUva,approver
191,Jed,Knight,jedk@hell.com,$2a$08$azp2rL.jZZJK.wUo7xO5yeZpxCykU29zxzGejDzLmCVdHIIIiB2U6,approver
196,Biff,Wellington,biffw@hell.com,$2a$08$zC6iAvyBOPCWqC67B1D1rehl8yjf5oK20ootA0y1tmFzqrrCTxlIi,approver
201,Harry,Beard,harryb@hell.com,$2a$08$L/XrpCkfcbxVvPm0J6H1SOjygZDRux3OfHW9i4/omiQlgn5KBaJ06,approver
204,Rusty,Foord,rustyf@hell.com,$2a$08$5eNK2eRWH4ra7hqtGuhWwuB/y50LILSDMaOQHu/J0kWfmUC3sM1Y6,approver
209,Wazziz,Naime,wazzizn@hell.com,$2a$08$09yDzdCApGpNCZTwRZOyF.UBcWYBg4t3KbU/HqwJuqEJPwUDLKgBW,approver
214,Sue,Vlaki,suev@hell.com,$2a$08$V7VXuyUgslbyR4h3vuI5eObHm5xghEJOdEKciVGpNLLAoemgoki2G,approver
219,Tess,Tamoni,tesst@hell.com,$2a$08$CGRJRRbvKBXU0yFVEJiMjO0Nyn3ETqqsmkip9aVaPzncsmD093UZS,approver
224,Mike,Raffone ,miker@hell.com,$2a$08$c7OC2UnhttnZL.hhyBD1Y.fMZGcUW7tVn3UuzMj5Bgd1OTLO/SilK,approver
229,Pea,Pu,peap@hell.com,$2a$08$xYcWNZCBWo6lZQigqyI3p.1w7IOt1V.lw4YQdJmHeMO8epPSrQiPm,approver
167,Robyn,Banks,robynb@hell.com,$2a$08$xlk6nr20dVtU3hANtMIT6OIs6Sypv0x06I9aqqZIGZ2jk.UTQYrpK,approver
172,Tara,Dactyl,tarad@hell.com,$2a$08$d/6JrwtmzX.FCtgIgICkWevZxGBOoI4f2sCH4fLirwpQO4NB3gk5O,approver
176,Neil,Down,neild@hell.com,$2a$08$ch78bkC7c/j335QZhejLheGb4rrZAA8BOfE2gs9TBUB5DD2N59BbS,approver
182,Leah,Tarde,leaht@hell.com,$2a$08$.Uhovln6YINn.q4PzEk4Uu7C.cHoMVVCoVVkFKSjl9pWY2JYdscRC,approver
186,Krystal,Ball,krystalb@hell.com,$2a$08$UWTiBLpvBcORV530T7Glj.aGzlRRai7O7XUf5HhJTUTvlvQ4IwOAa,approver
192,Justin,Case,justinc@hell.com,$2a$08$smRC2VbG8dsemIpFr5buLuo8dFXwrQo0cWmx3ioin9sx8oZtiqXPu,approver
197,Art,Dekko,artd@hell.com,$2a$08$r3YIliA4diqWaCTtfCRUxeTOvg6OKMLuCvydLJL3iJdMccj2NZzwC,approver
202,Anna,Conda,annac@hell.com,$2a$08$bQ.4t/bCwFgGEWVa1pSt7urAR3mJK0hdzXg21RLqWh45cZUBjomxC,approver
207,Tom,Foolery,tomf@hell.com,$2a$08$tise2nHgtldoZZ0IJHGVpeIKRFdECZEF.JkSLyA4A4n.V5CyofPlq,approver
211,Rocky,Rhodes,rockyr@hell.com,$2a$08$ufnvqHePQ0z9pTJXEeTYruvSaCeNk/JMhQDDK2AkzY04WCagAQgAu,approver
215,Anne,Thrax,annet@hell.com,$2a$08$EkqUBe2YOnsNETXxGMHM8ORDN6DpW9p9Sj3fjG5KsVeSoFHJwHW.a,approver
220,Al,Pacca,alp@hell.com,$2a$08$S94i4Nh4GWXsCDJFYTCrIuPfNr5DcnSRuiPZeF/1ztOCm8BAY83PO,approver
225,Sonny,Day,sonnyd@hell.com,$2a$08$DvpffXKJ7DARTuhYlJE/feIlz1eKkvkSyBX7.28dd9HiAinpxihkC,approver
230,Ginger,Vitus,gingerv@hell.com,$2a$08$GrOalQYapZSS062z0RCuAOtvxVYfvEq88FwH3JpUIZ1c3uzoAwYoy,approver
169,Amanda,Huginkiss,amandah@hell.com,$2a$08$W/2BXJMjDsqYAqCz9ptSg.JiaTZBiyg9MwQptLfk6KjTdS1if2iyO,approver
174,Polly,Graff,pollyg@hell.com,$2a$08$Cv9FZzcf2xoswAvrqD6HeeoqW72QELtIYX7RRaDvQA0RAeSWvcOrG,approver
179,Dot,Matricks,dotm@hell.com,$2a$08$M4mcHxdr453kignzI8647uti2rMuAUY.fdmbqGqcxxPh/MAxqhIP6,approver
184,Sue,Flay,suef@hell.com,$2a$08$BhDBLvoS/xNGsblJRXrsHuS6/RmUtzQdD5xwvnz0aDcXh8B42R8u.,approver
190,Dyl,Pickel,dylp@hell.com,$2a$08$9D8MKKzqXBaQD2Ly3zVHSej9xH/FKrz8V/glw76SVyrlNc2ygK1FC,approver
195,Crystal,Ball,crystalb@hell.com,$2a$08$oejF8P8MPinjCyDiwO3p8OscBWGyB3BqrXWIyFVc9YNbf.0z5U.ga,approver
199,Frank,Furter,frankf@hell.com,$2a$08$5hWwI3to2aaorfdT2zw0a.QCxnQLHtRJe2z48941iN6CbamTR.bZS,approver
205,Ollie,Gark,ollieg@hell.com,$2a$08$P28n0onxpBbbWKdspxLfGeBhS4fILZPnBbWwP58sJJ0iwZPkLo1mW,approver
210,Rod,Curtains,rodc@hell.com,$2a$08$sAhe6MDbL.71DOj7Zw0...drvhZPSQVCOP4BtQD8hMDXnpX.kkLQy,approver
216,Alan,Rench,alanr@hell.com,$2a$08$6z9tEg5pfMBRRjwgYfDDx.4W3ULp6akZyv1gnXb7O9iJ2k9a6u1PK,approver
221,Art,Choake,artc@hell.com,$2a$08$76K1eQTdUne9cIspVEC4z.i/5drJxk3zfmupzZCqkQr3Z6GexkGUu,approver
228,Wil,Doolittle,wild@hell.com,$2a$08$tOcyALD4kamQS9uGZkekoupXO6jOBEuM/UIs9jQ/U7MN7AjwrKIeS,approver
170,Les,Wynan,lesw@hell.com,$2a$08$ZYnFHHHw1tWwyMbLGUc9Puzwai/.gHPEesDTmG8ACYo4WXkAqA/zS,approver
175,Stan,Dupp,stand@hell.com,$2a$08$wdgOrN2.zwTBsTtYqPuMtOocY09JxT1ae1BbqgvNZ.oBcHU6oT18C,approver
180,Goldie,Locke,goldiel@hell.com,$2a$08$7/ivV2rJc2zK8Xl03nhNduPlh0x07O6zqa47a4lE.HJIFjMZq2yqW,approver
185,Derry,Yare,derryy@hell.com,$2a$08$dFYd9QWnXMqqml5aDG3BAeM89L/BkaP7wLUW6mMxfGrBpeJN1gUnq,approver
189,Paige,Turner,paiget@hell.com,$2a$08$eePsSISX84dnSdZhI91dxef5rmkD0/GGoiNqoUhTS1v3NSkHPL5Mi,approver
194,Al,Dente,ald@hell.com,$2a$08$RwSP9DyqSv7wynYNuf6k2uJYKevwQcgu3U2oBcfiLWVW.dFWea/hC,approver
200,Al,Falfa,alf@hell.com,$2a$08$23uouWibbSDoOoiUvGNY1eCjQ7NC0z2KGHVjbN7AJ4sRulRblNMvu,approver
206,Pete,Moss,petem@hell.com,$2a$08$J3PpoUZ/dM/fn6RKYrYUve7RvFJ1wO4kyNBDHEIYR3qrMJ0Nqpu96,approver
212,Kayne,Kun,kaynek@hell.com,$2a$08$k3eCpLmwhZoQhVztExiky.fjfdwXh0Zz/PKsLQLfNXGTwaqbjz2bi,approver
217,Annita,Job,annitaj@hell.com,$2a$08$n/EbTwspas4lKnCrJ/tup.iC92iCVhlL0ODw0dsc8ba78BsD0pnAW,approver
222,Benny,Fitz,bennyf@hell.com,$2a$08$zPvOPA.jzdMCwi8mniUNoePVnN8qneXqXiYRCwqXmHXnL1bmUnFJi,approver
227,Douglas,Furr,douglasf@hell.com,$2a$08$Ap5mPHDPKqAMtcEiaU6zu..aFlYLDoiDJ2PcJE83y1SkMnuADVFDm,approver
